{"cameraMode":{"drawMode":0,"name":"Shaded","section":"Shading Mode"},"sceneLighting":true,"audioPlay":false,"sceneViewState":{"showFog":true,"showMaterialUpdate":false,"showSkybox":true,"showFlares":true,"showImageEffects":true,"showParticleSystems":true,"showVisualEffectGraphs":true,"m_FxEnabled":true},"in2DMode":false,"pivot":{"x":1.4049404859542847,"y":-0.9387755393981934,"z":21.969118118286134},"rotation":{"x":0.06326679140329361,"y":0.008106207475066185,"z":-0.0005184447509236634,"w":0.9979860186576843},"size":11.661224365234375,"orthographic":false}