{"cameraMode":{"drawMode":0,"name":"Shaded","section":"Shading Mode"},"sceneLighting":true,"audioPlay":false,"sceneViewState":{"showFog":true,"showMaterialUpdate":false,"showSkybox":true,"showFlares":true,"showImageEffects":true,"showParticleSystems":true,"showVisualEffectGraphs":true,"m_FxEnabled":true},"in2DMode":false,"pivot":{"x":1.1452292203903199,"y":-1.5337815284729005,"z":-7.993969440460205},"rotation":{"x":0.5474406480789185,"y":-0.007752026431262493,"z":0.005037498660385609,"w":0.8368323445320129},"size":11.661224365234375,"orthographic":false}