{"cameraMode":{"drawMode":0,"name":"Shaded","section":"Shading Mode"},"sceneLighting":true,"audioPlay":false,"sceneViewState":{"showFog":true,"showMaterialUpdate":false,"showSkybox":true,"showFlares":true,"showImageEffects":true,"showParticleSystems":true,"showVisualEffectGraphs":true,"m_FxEnabled":true},"in2DMode":false,"pivot":{"x":3.8167829513549806,"y":-7.286473274230957,"z":11.264729499816895},"rotation":{"x":-0.30979570746421816,"y":-0.10044708847999573,"z":0.032922785729169849,"w":-0.9449212551116943},"size":8.199999809265137,"orthographic":false}