{"cameraMode":{"drawMode":0,"name":"Shaded","section":"Shading Mode"},"sceneLighting":true,"audioPlay":false,"sceneViewState":{"showFog":true,"showMaterialUpdate":false,"showSkybox":true,"showFlares":true,"showImageEffects":true,"showParticleSystems":true,"showVisualEffectGraphs":true,"m_FxEnabled":true},"in2DMode":false,"pivot":{"x":-18.860177993774415,"y":-1.041228175163269,"z":-7.5075531005859379},"rotation":{"x":0.020499281585216523,"y":-0.8084211349487305,"z":0.028126010671257974,"w":0.5876379609107971},"size":11.661224365234375,"orthographic":false}